{"cameraMode":{"drawMode":0,"name":"Shaded","section":"Shading Mode"},"sceneLighting":true,"audioPlay":false,"sceneViewState":{"showFog":true,"showMaterialUpdate":false,"showSkybox":true,"showFlares":true,"showImageEffects":true,"showParticleSystems":true},"in2DMode":false,"pivot":{"x":1.0839219093322755,"y":2.840937852859497,"z":-0.06580492854118347},"rotation":{"x":0.06662719696760178,"y":-0.8769521117210388,"z":0.4585707187652588,"w":0.1274244785308838},"size":4.908811569213867,"orthographic":false}